review,review
review,review
review,review
review,review
review,review
review,review
review,review
review,review
review,review
review,review
review,review
review,review
review,review
review,review
review,review
review,review
review,review
review,review
review,review
review,review
review,review
review,review
review,review
review,review
review,review
review,review
review,review
review,review
review,review
review,review
review,review
review,review
review,review
review,review
review,review
review,review
review,review
review,review
review,review
review,review
review,review
review,review
review,review
review,review
review,review
review,review
review,review
review,review
review,review
review,review
review,review
review,review
review,review
review,review
review,review
review,review
review,review
review,review
review,review
review,review
review,review
review,review
review,review
review,review
review,review
review,review
review,review
review,review
review,review
review,review
review,review
review,review
review,review
review,review
review,review
review,review
review,review
review,review
review,review
review,review
review,review
review,review
review,review
review,review
review,review
review,review
review,review
review,review
review,review
review,review
review,review
review,review
review,review
review,review
review,review
review,review
review,review
review,review
review,review
review,review
review,review
review,review
review,review
review,review
review,review
review,review
review,review
review,review
review,review
review,review
review,review
review,review
review,review
review,review
review,review
review,review
review,review
review,review
review,review
review,review
review,review
review,review
review,review
review,review
review,review
review,review
review,review
review,review
review,review
review,review
review,review
review,review
review,review
review,review
review,review
review,review
review,review
review,review
review,review
review,review
review,review
review,review
review,review
review,review
review,review
review,review
review,review
review,review
review,review
review,review
review,review
review,review
review,review
review,review
review,review
review,review
review,review
review,review
review,review
review,review
review,review
review,review
review,review
review,review
review,review
review,review
review,review
review,review
review,review
review,review
review,review
review,review
review,review
review,review
review,review
review,review
review,review
review,review
review,review
review,review
review,review
review,review
review,review
review,review
review,review
review,review
review,review
review,review
review,review
review,review
review,review
review,review
review,review
review,review
review,review
review,review
review,review
review,review
review,review
review,review
review,review
review,review
review,review
review,review
review,review
review,review
review,review
review,review
review,review
review,review
review,review
review,review
review,review
review,review
review,review
review,review
review,review
review,review
review,review
review,review
review,review
review,review
review,review
review,review
review,review
review,review
review,review
review,review
review,review
review,review
review,review
review,review
review,review
review,review
review,review
review,review
review,review
review,review
review,review
review,review
review,review
review,review
review,review
review,review
review,review
review,review
review,review
review,review
review,review
review,review
review,review
review,review
review,review
review,review
review,review
review,review
review,review
review,review
review,review
review,review
review,review
review,review
review,review
review,review
review,review
review,review
review,review
review,review
review,review
review,review
review,review
review,review
review,review
review,review
review,review
review,review
review,review
review,review
review,review
review,review
review,review
review,review
review,review
review,review
review,review
review,review
review,review
review,review
review,review
review,review
review,review
review,review
review,review
review,review
review,review
review,review
review,review
review,review
review,review
review,review
review,review
review,review
review,review
review,review
review,review
review,review
review,review
review,review
review,review
review,review
review,review
review,review
review,review
review,review
review,review
review,review
review,review
review,review
review,review
review,review
review,review
review,review
review,review
review,review
review,review
review,review
review,review
review,review
review,review
review,review
review,review
review,review
review,review
review,review
review,review
review,review
review,review
review,review
review,review
review,review
review,review
review,review
review,review
review,review
review,review
review,review
review,review
review,review
review,review
review,review
review,review
review,review
review,review
review,review
review,review
review,review
review,review
review,review
review,review
review,review
review,review
review,review
review,review
review,review
review,review
review,review
review,review
review,review
review,review
review,review
review,review
review,review
review,review
review,review
review,review
review,review
review,review
review,review
review,review
review,review
review,review
review,review
review,review
review,review
review,review
review,review
review,review
review,review
review,review
review,review
review,review
review,review
review,review
review,review
review,review
review,review
review,review
review,review
review,review
review,review
review,review
review,review
review,review
review,review
review,review
review,review
review,review
review,review
review,review
review,review
review,review
review,review
review,review
review,review
review,review
review,review
review,review
review,review
review,review
review,review
review,review
review,review
review,review
review,review
review,review
review,review
review,review
review,review
review,review
review,review
review,review
review,review
review,review
review,review
review,review
review,review
review,review
review,review
review,review
review,review
review,review
review,review
review,review
review,review
review,review
review,review
review,review
review,review
review,review
review,review
review,review
review,review
review,review
review,review
review,review
review,review
review,review
review,review
review,review
review,review
review,review
review,review
review,review
review,review
review,review
review,review
review,review
review,review
review,review
review,review
review,review
review,review
review,review
review,review
review,review
review,review
review,review
review,review
review,review
review,review
review,review
review,review
review,review
review,review
review,review
review,review
review,review
review,review
review,review
review,review
review,review
review,review
review,review
review,review
review,review
review,review
review,review
review,review
review,review
review,review
review,review
review,review
review,review
review,review
review,review
review,review
review,review
review,review
review,review
review,review
review,review
review,review
review,review
review,review
review,review
review,review
review,review
review,review
review,review
review,review
review,review
review,review
review,review
review,review
review,review
review,review
review,review
review,review
review,review
review,review
review,review
review,review
review,review
review,review
review,review
review,review
review,review
review,review
review,review
review,review
review,review
review,review
review,review
review,review
review,review
review,review
review,review
review,review
review,review
review,review
review,review
review,review
review,review
review,review
review,review
review,review
review,review
review,review
review,review
review,review
review,review
review,review
review,review
review,review
review,review
review,review
review,review
review,review
review,review
review,review
review,review
review,review
review,review
review,review
review,review
review,review
review,review
review,review
review,review
review,review
review,review
review,review
review,review
review,review
review,review
review,review
review,review
review,review
review,review
review,review
review,review
review,review
review,review
review,review
review,review
review,review
review,review
review,review
review,review
review,review
review,review
review,review
review,review
review,review
review,review
review,review
review,review
review,review
review,review
review,review
review,review
review,review
review,review
review,review
review,review
review,review
review,review
review,review
review,review
review,review
review,review
review,review
review,review
review,review
review,review
review,review
review,review
review,review
review,review
review,review
review,review
review,review
review,review
review,review
review,review
review,review
review,review
review,review
review,review
review,review
review,review
review,review
review,review
review,review
review,review
review,review
review,review
review,review
review,review
review,review
review,review
review,review
review,review
review,review
review,review
review,review
review,review
review,review
review,review
review,review
review,review
review,review
review,review
review,review
review,review
review,review
review,review
review,review
review,review
review,review
review,review
review,review
review,review
review,review
review,review
review,review
review,review
review,review
review,review
review,review
review,review
review,review
review,review
review,review
review,review
review,review
review,review
review,review
review,review
review,review
review,review
review,review
review,review
review,review
review,review
review,review
review,review
review,review
review,review
review,review
review,review
review,review
review,review
review,review
review,review
review,review
review,review
review,review
review,review
review,review
review,review
review,review
review,review
review,review
review,review
review,review
review,review
review,review
review,review
review,review
review,review
review,review
review,review
review,review
review,review
review,review
review,review
review,review
review,review
review,review
review,review
review,review
review,review
review,review
review,review
review,review
review,review
review,review
review,review
review,review
review,review
review,review
review,review
review,review
review,review
review,review
review,review
review,review
review,review
review,review
review,review
review,review
review,review
review,review
review,review
review,review
review,review
review,review
review,review
review,review
review,review
review,review
review,review
review,review
review,review
review,review
review,review
review,review
review,review
review,review
review,review
review,review
review,review
review,review
review,review
review,review
review,review
review,review
review,review
review,review
review,review
review,review
review,review
review,review
review,review
review,review
review,review
review,review
review,review
review,review
review,review
review,review
review,review
review,review
review,review
review,review
review,review
review,review
review,review
review,review
review,review
review,review
review,review
review,review
review,review
review,review
review,review
review,review
review,review
review,review
review,review
review,review
review,review
review,review
review,review
review,review
review,review
review,review
review,review
review,review
review,review
review,review
review,review
review,review
review,review
review,review
review,review
review,review
review,review
review,review
review,review
review,review
review,review
review,review
review,review
review,review
review,review
review,review
review,review
review,review
review,review
review,review
review,review
review,review
review,review
review,review
review,review
review,review
review,review
review,review
review,review
review,review
review,review
review,review
review,review
review,review
review,review
review,review
review,review
review,review
review,review
review,review
review,review
review,review
review,review
review,review
review,review
review,review
review,review
review,review
review,review
review,review
review,review
review,review
review,review
review,review
review,review
review,review
review,review
review,review
review,review
review,review
review,review
review,review
review,review
review,review
review,review
review,review
review,review
review,review
review,review
review,review
review,review
review,review
review,review
review,review
review,review
review,review
review,review
review,review
review,review
review,review
review,review
review,review
review,review
review,review
review,review
review,review
review,review
review,review
review,review
review,review
review,review
review,review
review,review
review,review
review,review
review,review
review,review
review,review
review,review
review,review
review,review
review,review
review,review
review,review
review,review
review,review
review,review
review,review
review,review
review,review
review,review
review,review
review,review
review,review
review,review
review,review
review,review
review,review
review,review
review,review
review,review
review,review
review,review
review,review
review,review
review,review
review,review
review,review
review,review
review,review
review,review
review,review
review,review
review,review
review,review
review,review
review,review
review,review
review,review
review,review
review,review
review,review
review,review
review,review
review,review
review,review
review,review
review,review
review,review
review,review
review,review
review,review
review,review
review,review
review,review
review,review
review,review
review,review
review,review
review,review
review,review
review,review
review,review
review,review
review,review
review,review
review,review
review,review
review,review
review,review
review,review
review,review
review,review
review,review
review,review
review,review
review,review
review,review
review,review
review,review
review,review
review,review
review,review
review,review
review,review
review,review
review,review
review,review
review,review
review,review
review,review
review,review
review,review
review,review
review,review
review,review
review,review
review,review
review,review
review,review
review,review
review,review
review,review
review,review
review,review
review,review
review,review
review,review
review,review
review,review
review,review
review,review
review,review
review,review
review,review
review,review
review,review
review,review
review,review
review,review
review,review
review,review
review,review
review,review
review,review
review,review
review,review
review,review
review,review
review,review
review,review
review,review
review,review
review,review
review,review
review,review
review,review
review,review
review,review
review,review
review,review
review,review
review,review
review,review
review,review
review,review
review,review
review,review
review,review
review,review
review,review
review,review
review,review
review,review
review,review
review,review
review,review
review,review
review,review
review,review
review,review
review,review
review,review
review,review
review,review
review,review
review,review
review,review
review,review
review,review
review,review
review,review
review,review
review,review
review,review
review,review
review,review
review,review
review,review
review,review
review,review
review,review
review,review
review,review
review,review
review,review
review,review
review,review
review,review
review,review
review,review
review,review
review,review
review,review
review,review
review,review
review,review
review,review
review,review
review,review
review,review
review,review
review,review
review,review
review,review
review,review
review,review
review,review
review,review
review,review
review,review
review,review
review,review
review,review
review,review
review,review
review,review
review,review
review,review
review,review
review,review
review,review
review,review
review,review
review,review
review,review
review,review
review,review
review,review
review,review
review,review
review,review
review,review
review,review
review,review
review,review
review,review
review,review
review,review
review,review
review,review
review,review
review,review
review,review
review,review
review,review
review,review
review,review
review,review
review,review
review,review
review,review
review,review
review,review
review,review
review,review
review,review
review,review
review,review
review,review
review,review
review,review
review,review
review,review
review,review
review,review
review,review
review,review
review,review
review,review
review,review
review,review
review,review
review,review
review,review
review,review
review,review
review,review
review,review
review,review
review,review
review,review
review,review
review,review
review,review
review,review
review,review
review,review
review,review
review,review
review,review
review,review
review,review
review,review
review,review
review,review
review,review
review,review
review,review
review,review
review,review
review,review
review,review
review,review
review,review
review,review
review,review
review,review
review,review
review,review
review,review
review,review
review,review
review,review
review,review
review,review
review,review
review,review
review,review
review,review
review,review
review,review
review,review
review,review
review,review
review,review
review,review
review,review
review,review
review,review
review,review
review,review
review,review
review,review
review,review
review,review
review,review
review,review
review,review
review,review
review,review
review,review
review,review
review,review
review,review
review,review
review,review
review,review
review,review
review,review
review,review
review,review
review,review
review,review
review,review
review,review
review,review
review,review
review,review
review,review
review,review
review,review
review,review
review,review
review,review
review,review
review,review
review,review
review,review
review,review
review,review
review,review
review,review
review,review
review,review
review,review
review,review
review,review
review,review
review,review
review,review
review,review
review,review
review,review
review,review
review,review
review,review
review,review
review,review
review,review
review,review
review,review
review,review
review,review
review,review
review,review
review,review
review,review
review,review
review,review
review,review
review,review
review,review
review,review
review,review
review,review
review,review
review,review
review,review
review,review
review,review
review,review
review,review
review,review
review,review
review,review
review,review
review,review
review,review
review,review
review,review
review,review
review,review
review,review
review,review
review,review
review,review
review,review
review,review
review,review
review,review
review,review
review,review
review,review
review,review
review,review
review,review
review,review
review,review
review,review
review,review
review,review
review,review
review,review
review,review
review,review
review,review
review,review
review,review
review,review
review,review
review,review
review,review
review,review
review,review
review,review
review,review
review,review
review,review
review,review
review,review
review,review
review,review
review,review
review,review
review,review
review,review
review,review
review,review
review,review
review,review
review,review
review,review
review,review
review,review
review,review
review,review
review,review
review,review
review,review
review,review
review,review
review,review
review,review
review,review
review,review
review,review
review,review
review,review
review,review
review,review
review,review
review,review
review,review
review,review
review,review
review,review
review,review
review,review
review,review
review,review
review,review
review,review
review,review
review,review
review,review
review,review
review,review
review,review
review,review
review,review
review,review
review,review
review,review
review,review
review,review
review,review
review,review
review,review
review,review
review,review
review,review
review,review
review,review
review,review
review,review
review,review
review,review
review,review
review,review
review,review
review,review
review,review
review,review
review,review
review,review
review,review
review,review
review,review
review,review
review,review
review,review
review,review
review,review
review,review
review,review
review,review
review,review
review,review
review,review
review,review
review,review
review,review
review,review
review,review
review,review
review,review
review,review
review,review
review,review
review,review
review,review
review,review
review,review
review,review
review,review
review,review
review,review
review,review
review,review
review,review
review,review
review,review
review,review
review,review
review,review
review,review
review,review
review,review
review,review
review,review
review,review
review,review
review,review
review,review
review,review
review,review
review,review
review,review
review,review
review,review
review,review
review,review
review,review
review,review
review,review
review,review
review,review
review,review
review,review
review,review
review,review
review,review
review,review
review,review
review,review
review,review
review,review
review,review
review,review
review,review
review,review
review,review
review,review
review,review
review,review
review,review
review,review
review,review
review,review
review,review
review,review
review,review
review,review
review,review
review,review
review,review
review,review
review,review
review,review
review,review
review,review
review,review
review,review
review,review
review,review
review,review
review,review
review,review
review,review
review,review
review,review
review,review
review,review
review,review
review,review
review,review
review,review
review,review
review,review
review,review
review,review
review,review
review,review
review,review
review,review
review,review
review,review
review,review
review,review
review,review
review,review
review,review
review,review
review,review
review,review
review,review
review,review
review,review
review,review
review,review
review,review
review,review
review,review
review,review
review,review
review,review
review,review
review,review
review,review
review,review
review,review
review,review
review,review
review,review
review,review
review,review
review,review
review,review
review,review
review,review
review,review
review,review
review,review
review,review
review,review
review,review
review,review
review,review
review,review
review,review
review,review
review,review
review,review
review,review
review,review
review,review
review,review
review,review
review,review
review,review
review,review
review,review
review,review
review,review
review,review
review,review
review,review
review,review
review,review
review,review
review,review
review,review
review,review
review,review
review,review
review,review
review,review
review,review
review,review
review,review
review,review
review,review
review,review
review,review
review,review
review,review
review,review
review,review
review,review
review,review
review,review
review,review
review,review
review,review
review,review
review,review
review,review
review,review
review,review
review,review
review,review
review,review
review,review
review,review
review,review
review,review
review,review
review,review
review,review
review,review
review,review
review,review
review,review
review,review
review,review
review,review
review,review
review,review
review,review
review,review
review,review
review,review
review,review
review,review
review,review
review,review
review,review
review,review
review,review
review,review
review,review
review,review
review,review
review,review
review,review
review,review
review,review
review,review
review,review
review,review
review,review
review,review
review,review
review,review
review,review
review,review
review,review
review,review
review,review
review,review
review,review
review,review
review,review
review,review
review,review
review,review
review,review
review,review
review,review
review,review
review,review
review,review
review,review
review,review
review,review
review,review
review,review
review,review
review,review
review,review
review,review
review,review
review,review
review,review
review,review
review,review
review,review
review,review
review,review
review,review
review,review
review,review
review,review
review,review
review,review
review,review
review,review
review,review
review,review
review,review
review,review
review,review
review,review
review,review
review,review
review,review
review,review
review,review
review,review
review,review
review,review
review,review
review,review
review,review
review,review
review,review
review,review
review,review
review,review
review,review
review,review
review,review
review,review
review,review
review,review
review,review
review,review
review,review
review,review
review,review
review,review
review,review
review,review
review,review
review,review
review,review
review,review
review,review
review,review
review,review
review,review
review,review
review,review
review,review
review,review
review,review
review,review
review,review
review,review
review,review
review,review
review,review
review,review
review,review
review,review
review,review
review,review
review,review
review,review
review,review
review,review
review,review
review,review
review,review
review,review
review,review
review,review
review,review
review,review
review,review
review,review
review,review
review,review
review,review
review,review
review,review
review,review
review,review
review,review
review,review
review,review
review,review
review,review
review,review
review,review
review,review
review,review
review,review
review,review
review,review
review,review
review,review
review,review
review,review
review,review
review,review
review,review
review,review
review,review
review,review
review,review
review,review
review,review
review,review
review,review
review,review
review,review
review,review
review,review
review,review
review,review
review,review
review,review
review,review
review,review
review,review
review,review
review,review
review,review
review,review
review,review
review,review
review,review
review,review
review,review
review,review
review,review
review,review
review,review
review,review
review,review
review,review
review,review
review,review
review,review
review,review
review,review
review,review
review,review
review,review
review,review
review,review
review,review
review,review
review,review
review,review
review,review
review,review
review,review
review,review
review,review
review,review
review,review
review,review
review,review
review,review
review,review
review,review
review,review
review,review
review,review
review,review
review,review
review,review
review,review
review,review
review,review
review,review
review,review
review,review
review,review
review,review
review,review
review,review
review,review
review,review
review,review
review,review
review,review
review,review
review,review
review,review
review,review
review,review
review,review
review,review
review,review
review,review
review,review
review,review
review,review
review,review
review,review
review,review
review,review
review,review
review,review
review,review
review,review
review,review
review,review
review,review
review,review
review,review
review,review
review,review
review,review
review,review
review,review
review,review
review,review
review,review
review,review
review,review
review,review
review,review
review,review
review,review
review,review
review,review
review,review
review,review
review,review
review,review
review,review
review,review
review,review
review,review
review,review
review,review
review,review
review,review
review,review
review,review
review,review
review,review
review,review
review,review
review,review
review,review
review,review
review,review
review,review
review,review
review,review
review,review
review,review
review,review
review,review
review,review
review,review
review,review
review,review
review,review
review,review
review,review
review,review
review,review
review,review
review,review
review,review
review,review
review,review
review,review
review,review
review,review
review,review
review,review
review,review
review,review
review,review
review,review
review,review
review,review
review,review
review,review
review,review
review,review
review,review
review,review
review,review
review,review
review,review
review,review
review,review
review,review
review,review
review,review
review,review
review,review
review,review
review,review
review,review
review,review
review,review
review,review
review,review
review,review
review,review
review,review
review,review
review,review
review,review
review,review
review,review
review,review
review,review
review,review
review,review
review,review
review,review
review,review
review,review
review,review
review,review
review,review
review,review
review,review
review,review
review,review
review,review
review,review
review,review
review,review
review,review
review,review
review,review
review,review
review,review
review,review
review,review
review,review
review,review
review,review
review,review
review,review
review,review
review,review
review,review
review,review
review,review
review,review
review,review
review,review
review,review
review,review
review,review
review,review
review,review
review,review
review,review
review,review
review,review
review,review
review,review
review,review
review,review
review,review
review,review
review,review
review,review
review,review
review,review
review,review
review,review
review,review
review,review
review,review
review,review
review,review
review,review
review,review
review,review
review,review
review,review
review,review
review,review
review,review
review,review
review,review
review,review
review,review
review,review
review,review
review,review
review,review
review,review
review,review
review,review
review,review
review,review
review,review
review,review
review,review
review,review
review,review
review,review
review,review
review,review
review,review
review,review
review,review
review,review
review,review
review,review
review,review
review,review
review,review
review,review
review,review
review,review
review,review
review,review
review,review
review,review
review,review
review,review
review,review
review,review
review,review
review,review
review,review
review,review
review,review
review,review
review,review
review,review
review,review
review,review
review,review
review,review
review,review
review,review
review,review
review,review
review,review
review,review
review,review
review,review
review,review
review,review
review,review
review,review
review,review
review,review
review,review
review,review
review,review
review,review
review,review
review,review
review,review
review,review
review,review
review,review
review,review
review,review
review,review
review,review
review,review
review,review
review,review
review,review
review,review
review,review
review,review
review,review
review,review
review,review
review,review
review,review
review,review
review,review
review,review
review,review
review,review
review,review
review,review
review,review
review,review
review,review
review,review
review,review
review,review
review,review
review,review
review,review
review,review
review,review
review,review
review,review
review,review
review,review
review,review
review,review
review,review
review,review
review,review
review,review
review,review
review,review
review,review
review,review
review,review
review,review
review,review
review,review
review,review
review,review
review,review
review,review
review,review
review,review
review,review
review,review
review,review
review,review
review,review
review,review
review,review
review,review
review,review
review,review
review,review
review,review
review,review
review,review
review,review
review,review
review,review
review,review
review,review
review,review
review,review
review,review
review,review
review,review
review,review
review,review
review,review
review,review
review,review
review,review
review,review
review,review
review,review
review,review
review,review
review,review
review,review
review,review
review,review
review,review
review,review
review,review
review,review
review,review
review,review
review,review
review,review
review,review
review,review
review,review
review,review
review,review
review,review
review,review
review,review
review,review
review,review
review,review
review,review
review,review
review,review
review,review
review,review
review,review
review,review
review,review
review,review
review,review
review,review
review,review
review,review
review,review
review,review
review,review
review,review
review,review
review,review
review,review
review,review
review,review
review,review
review,review
review,review
review,review
review,review
review,review
review,review
review,review
review,review
review,review
review,review
review,review
review,review
review,review
review,review
review,review
review,review
review,review
review,review
review,review
review,review
review,review
review,review
review,review
review,review
review,review
review,review
review,review
review,review
review,review
review,review
review,review
review,review
review,review
review,review
review,review
review,review
review,review
review,review
review,review
review,review
review,review
review,review
